<?xml version="1.0" encoding="utf-8"?>
<annotation>
<folder>images</folder>
<filename>53abd937-racecar143.jpg</filename>
<source>
<database>MyDatabase</database>
<annotation>COCO2017</annotation>
<image>flickr</image>
<flickrid>NULL</flickrid>
<annotator>1</annotator>
</source>
<owner>
<flickrid>NULL</flickrid>
<name>Label Studio</name>
</owner>
<size>
<width>640</width>
<height>480</height>
<depth>3</depth>
</size>
<segmented>0</segmented>
<object>
<name>yield</name>
<pose>Unspecified</pose>
<truncated>0</truncated>
<difficult>0</difficult>
<bndbox>
<xmin>337</xmin>
<ymin>194</ymin>
<xmax>395</xmax>
<ymax>252</ymax>
</bndbox>
</object>
<object>
<name>yield</name>
<pose>Unspecified</pose>
<truncated>0</truncated>
<difficult>0</difficult>
<bndbox>
<xmin>379</xmin>
<ymin>156</ymin>
<xmax>384</xmax>
<ymax>159</ymax>
</bndbox>
</object>
</annotation>
