<?xml version="1.0" encoding="utf-8"?>
<annotation>
<folder>images</folder>
<filename>c9db232a-fakeStop53.jpg</filename>
<source>
<database>MyDatabase</database>
<annotation>COCO2017</annotation>
<image>flickr</image>
<flickrid>NULL</flickrid>
<annotator>1</annotator>
</source>
<owner>
<flickrid>NULL</flickrid>
<name>Label Studio</name>
</owner>
<size>
<width>640</width>
<height>480</height>
<depth>3</depth>
</size>
<segmented>0</segmented>
<object>
<name>fakeStop</name>
<pose>Unspecified</pose>
<truncated>0</truncated>
<difficult>0</difficult>
<bndbox>
<xmin>264</xmin>
<ymin>156</ymin>
<xmax>381</xmax>
<ymax>272</ymax>
</bndbox>
</object>
<object>
<name>fakeStop</name>
<pose>Unspecified</pose>
<truncated>0</truncated>
<difficult>0</difficult>
<bndbox>
<xmin>255</xmin>
<ymin>217</ymin>
<xmax>261</xmax>
<ymax>219</ymax>
</bndbox>
</object>
</annotation>
