<?xml version="1.0" encoding="utf-8"?>
<annotation>
<folder>images</folder>
<filename>1b26fd72-racecar84.jpg</filename>
<source>
<database>MyDatabase</database>
<annotation>COCO2017</annotation>
<image>flickr</image>
<flickrid>NULL</flickrid>
<annotator>1</annotator>
</source>
<owner>
<flickrid>NULL</flickrid>
<name>Label Studio</name>
</owner>
<size>
<width>640</width>
<height>480</height>
<depth>3</depth>
</size>
<segmented>0</segmented>
<object>
<name>racecar</name>
<pose>Unspecified</pose>
<truncated>0</truncated>
<difficult>0</difficult>
<bndbox>
<xmin>28</xmin>
<ymin>114</ymin>
<xmax>435</xmax>
<ymax>470</ymax>
</bndbox>
</object>
<object>
<name>racecar</name>
<pose>Unspecified</pose>
<truncated>0</truncated>
<difficult>0</difficult>
<bndbox>
<xmin>595</xmin>
<ymin>202</ymin>
<xmax>639</xmax>
<ymax>278</ymax>
</bndbox>
</object>
</annotation>
