<?xml version="1.0" encoding="utf-8"?>
<annotation>
<folder>images</folder>
<filename>48076c8d-racecar93.jpg</filename>
<source>
<database>MyDatabase</database>
<annotation>COCO2017</annotation>
<image>flickr</image>
<flickrid>NULL</flickrid>
<annotator>1</annotator>
</source>
<owner>
<flickrid>NULL</flickrid>
<name>Label Studio</name>
</owner>
<size>
<width>640</width>
<height>480</height>
<depth>3</depth>
</size>
<segmented>0</segmented>
<object>
<name>racecar</name>
<pose>Unspecified</pose>
<truncated>0</truncated>
<difficult>0</difficult>
<bndbox>
<xmin>205</xmin>
<ymin>180</ymin>
<xmax>376</xmax>
<ymax>303</ymax>
</bndbox>
</object>
<object>
<name>racecar</name>
<pose>Unspecified</pose>
<truncated>0</truncated>
<difficult>0</difficult>
<bndbox>
<xmin>452</xmin>
<ymin>201</ymin>
<xmax>506</xmax>
<ymax>260</ymax>
</bndbox>
</object>
</annotation>
