<?xml version="1.0" encoding="utf-8"?>
<annotation>
<folder>images</folder>
<filename>67861751-racecar139.jpg</filename>
<source>
<database>MyDatabase</database>
<annotation>COCO2017</annotation>
<image>flickr</image>
<flickrid>NULL</flickrid>
<annotator>1</annotator>
</source>
<owner>
<flickrid>NULL</flickrid>
<name>Label Studio</name>
</owner>
<size>
<width>640</width>
<height>480</height>
<depth>3</depth>
</size>
<segmented>0</segmented>
<object>
<name>racecar</name>
<pose>Unspecified</pose>
<truncated>0</truncated>
<difficult>0</difficult>
<bndbox>
<xmin>37</xmin>
<ymin>145</ymin>
<xmax>356</xmax>
<ymax>375</ymax>
</bndbox>
</object>
<object>
<name>racecar</name>
<pose>Unspecified</pose>
<truncated>0</truncated>
<difficult>0</difficult>
<bndbox>
<xmin>431</xmin>
<ymin>201</ymin>
<xmax>525</xmax>
<ymax>271</ymax>
</bndbox>
</object>
</annotation>
