<?xml version="1.0" encoding="utf-8"?>
<annotation>
<folder>images</folder>
<filename>6cc2c92a-racecar88.jpg</filename>
<source>
<database>MyDatabase</database>
<annotation>COCO2017</annotation>
<image>flickr</image>
<flickrid>NULL</flickrid>
<annotator>1</annotator>
</source>
<owner>
<flickrid>NULL</flickrid>
<name>Label Studio</name>
</owner>
<size>
<width>640</width>
<height>480</height>
<depth>3</depth>
</size>
<segmented>0</segmented>
<object>
<name>racecar</name>
<pose>Unspecified</pose>
<truncated>0</truncated>
<difficult>0</difficult>
<bndbox>
<xmin>158</xmin>
<ymin>162</ymin>
<xmax>433</xmax>
<ymax>370</ymax>
</bndbox>
</object>
<object>
<name>racecar</name>
<pose>Unspecified</pose>
<truncated>0</truncated>
<difficult>0</difficult>
<bndbox>
<xmin>492</xmin>
<ymin>215</ymin>
<xmax>590</xmax>
<ymax>288</ymax>
</bndbox>
</object>
</annotation>
