<?xml version="1.0" encoding="utf-8"?>
<annotation>
<folder>images</folder>
<filename>6fa3b46c-racecar168.jpg</filename>
<source>
<database>MyDatabase</database>
<annotation>COCO2017</annotation>
<image>flickr</image>
<flickrid>NULL</flickrid>
<annotator>1</annotator>
</source>
<owner>
<flickrid>NULL</flickrid>
<name>Label Studio</name>
</owner>
<size>
<width>640</width>
<height>480</height>
<depth>3</depth>
</size>
<segmented>0</segmented>
<object>
<name>racecar</name>
<pose>Unspecified</pose>
<truncated>0</truncated>
<difficult>0</difficult>
<bndbox>
<xmin>282</xmin>
<ymin>220</ymin>
<xmax>351</xmax>
<ymax>273</ymax>
</bndbox>
</object>
<object>
<name>racecar</name>
<pose>Unspecified</pose>
<truncated>0</truncated>
<difficult>0</difficult>
<bndbox>
<xmin>425</xmin>
<ymin>218</ymin>
<xmax>510</xmax>
<ymax>274</ymax>
</bndbox>
</object>
</annotation>
